ID,Nombre,Precio,Descripción,SKU,URL Imagen
8243,Disco separador para muro de concreto,1129.00,"<p>Separador lateral, fuerte y ligero. Diseñado para mantener el acero al centro y lograr recubrimientos de concreto uniformes en ambos lados. Ideal para acabados aparentes.</p><p>Resistencia de Carga: 100 Kg</p><p>Muros de concreto con acero de refuerzo al centro.</p><p>Distanciador vertical, cuenta con un clip interno que aseguran la óptima sujeción del acero.</p><p>Garantizan recubrimientos exactos, y proporcionan acabados estéticos sin marcas aparentes.</p>",,https://cimbrayaccesorios.com.mx/wp-content/uploads/2025/02/disco-separador-para-muro-de-concreto-DFAC-2.jpg
8231,Separador para habilitar Viguetas,1281.00,"<p>Utilizado en la prefabricación de viguetas preferentemente de ‘’alma abierta’’, o bien en el colado de viguetas a las losas.</p><p>Diseñado para alinear correctamente aceros de refuerzo de hasta 1/2’’ en 3 posiciones diferentes en el eje de carga además de la armadura de acero y lograr la máxima resistencia de las viguetas.</p><p>Acero de refuerzo Adicional 1/8’’ hasta 1/2’’ en tres posiciones.</p>",,https://cimbrayaccesorios.com.mx/wp-content/uploads/2025/02/Separador-para-habilitar-viguetas-DFAC.jpg
8213,Silleta H para varilla,1281.00,"<p><span data-sheets-value=""{&quot;1&quot;:2,&quot;2&quot;:&quot;Silleta para varilla de hasta 1 1/2&quot;, para recubrimiento de concreto de 4 cm, especial para prefabricados, todo tipo de losas, trabes, contratrabes, tilt-ups y post-tensados, para una carga maxima de 275 kg.&quot;}"" data-sheets-userformat=""{&quot;2&quot;:14593,&quot;3&quot;:{&quot;1&quot;:0,&quot;3&quot;:1},&quot;11&quot;:4,&quot;14&quot;:{&quot;1&quot;:3,&quot;3&quot;:1},&quot;15&quot;:&quot;Calibri&quot;,&quot;16&quot;:11}"">Silleta para varilla de hasta 1 1/2’’ para una carga máxima de 450 Kg.</span></p><p>Gran capacidad de carga, inmejorable diseño y mayor estabilidad, ya que sobre un eje tiene dos puntos de soporte para el acero. Excelente rendimiento en el concreto y agregados gruesos. Muy poca superficie de contacto, funciona para acabados aparentes.</p>",,https://cimbrayaccesorios.com.mx/wp-content/uploads/2025/02/SH-SILLETA-H-PARA-VARILLA-0-DFAC.jpg
8199,CHICOTE PARA VIBRADOR A GASOLINA MPOWER,0.00,"<p>CHICOTE PARA VIBRADOR A GASOLINA MPOWER</p>",,https://cimbrayaccesorios.com.mx/wp-content/uploads/2024/10/PORTADA-DE-CHICOTE-PARA-VIBRADOR-A-GASOLINA-MPOWER.jpg
8195,CHICOTE PARA VIBRADOR A GASOLINA ENAR,0.00,"<p>CHICOTE PARA VIBRADOR A GASOLINA ENAR</p>",,https://cimbrayaccesorios.com.mx/wp-content/uploads/2024/10/PORTADA-DE-CHICOTE-PARA-VIBRADOR-A-GASOLINA-ENAR.jpg
8186,VIBRADOR PARA CONCRETO EXTERNO WACKER NEUSON DFAC,12500.00,"<p>VIBRADOR PARA CONCRETO EXTERNO WACKER NEUSON DFAC</p>",,https://cimbrayaccesorios.com.mx/wp-content/uploads/2024/10/PORTADA-DE-VIBRADOR-PARA-CONCRETO-EXTERNO.-WACKER-NEUSON.jpg
8184,VIBRADOR PARA CONCRETO EXTERNO ENAR VEAF DFAC,12500.00,"<p>VIBRADOR PARA CONCRETO EXTERNO ENAR VEAF DFAC</p>",,https://cimbrayaccesorios.com.mx/wp-content/uploads/2024/10/PORTADA-DE-VIBRADOR-PARA-CONCRETO-EXTERNO.-ENAR-VEAF.jpg
8178,VIBRADOR PARA CONCRETO ELÉCTRICO DINGO,12500.00,"<p>VIBRADOR PARA CONCRETO ELÉCTRICO DINGO</p>",,https://cimbrayaccesorios.com.mx/wp-content/uploads/2024/10/PORTADA-DE-VIBRADOR-PARA-CONCRETO-ELECTRICO-ENAR-DINGO-DFAC.jpg
8162,VIBRADOR PARA CONCRETO DE ALTA FRECUENCIA ROCKET DFAC,0.00,"<p>VIBRADOR PARA CONCRETO DE ALTA FRECUENCIA ROCKET DFAC</p>",,https://cimbrayaccesorios.com.mx/wp-content/uploads/2024/10/PORTADA-DE-VIBRADOR-PARA-CONCRETO-DE-ALTA-FRECUENCIA-ENAR-ROCKET.jpg
8156,VIBRADOR PARA CONCRETO DE ALTA FRECUENCIA BOXEL DFAC,0.00,"<p>VIBRADOR PARA CONCRETO DE ALTA FRECUENCIA BOXEL DFAC</p>",,https://cimbrayaccesorios.com.mx/wp-content/uploads/2024/10/PORTADA-DE-VIBRADOR-PARA-CONCRETO-DE-ALTA-FRECUENCIA-ENAR-BOXEL-1.jpg
8146,VIBRADOR PARA CONCRETO DE ALTA FRECUENCIA I-SPYDER DFAC,0.00,"<p>VIBRADOR PARA CONCRETO DE ALTA FRECUENCIA I-SPYDER DFAC</p>",,https://cimbrayaccesorios.com.mx/wp-content/uploads/2024/10/PORTADA-DE-VIBRADOR-PARA-CONCRETO-DE-ALTA-FRECUENCIA-i-SPYDER.-DFAC.jpg
8133,VIBRADOR PARA CONCRETO GASOLINA BACKPACK ENAR,0.00,"<p>VIBRADOR PARA CONCRETO GASOLINA BACKPACK ENAR</p>",,https://cimbrayaccesorios.com.mx/wp-content/uploads/2024/10/PORTADA-DE-VIBRADOR-PARA-CONCRETO-GASOLINA-BACKPACK-ENAR.jpg
8125,VIBRADOR PARA CONCRETO A GASOLINA CIPSA DFAC,8800.00,"<p>VIBRADOR A GASOLINA DFAC 6.5 HP.</p>",,https://cimbrayaccesorios.com.mx/wp-content/uploads/2024/10/PORTADA-DE-VIBRADOR-PARA-CONCRETO-CIPSA.jpg
8092,PUNTAL METALICO EXTENSIBLE ITALIANO,905.00,"<p>PUNTAL METALICO EXTENSIBLE ITALIANO DE 2.20 A 4.00 MTS.</p>",,https://cimbrayaccesorios.com.mx/wp-content/uploads/2023/06/PUNTAL-METALICO-CONTAMOS-CON-STOCK-PRODUCTO-CON-CERTIFICACION-EUROPEA_DFAC.jpg
6146,BARRA ROSCADA,936.00,"<p>Barra cold roll de alta Resistencia, utilizada para fijar moldes o cimbras de elementos de concreto de gran volúmen.</p>",,https://cimbrayaccesorios.com.mx/wp-content/uploads/2023/06/BRS-58-3-IMAGEN-1.jpg
6140,BASE ESTABILIZADORA,612.50,"<p>Base estabilizadora para pie derecho (tripié)</p>",,https://cimbrayaccesorios.com.mx/wp-content/uploads/2023/06/imagen_2023-06-16_151824678.png
6128,LLANTA 8",909.37,"<p>Llanta 8&#8243; con freno de seguridad</p>",,https://cimbrayaccesorios.com.mx/wp-content/uploads/2023/06/imagen_2023-06-16_151057342.png
6124,PLATAFORMA PARA ANDAMIO,10467.81,"<p>Plataforma para andamio</p>",,https://cimbrayaccesorios.com.mx/wp-content/uploads/2023/06/imagen_2023-06-16_150820868.png
6119,CUERPO DE ANDAMIO,3598.13,"<p>Cuerpo de andamio pasillo 2 x 0.80 metros, cuerpo de andamio servicio 2 x 1.22 metros, cuerpo de andamio amplio 2 x 1.52 metros</p>",,https://cimbrayaccesorios.com.mx/wp-content/uploads/2023/06/imagen_2023-06-16_150633821.png
6115,PULSETA,500.00,"<p>Pulseta tipo cincel o lapiz</p>",,https://cimbrayaccesorios.com.mx/wp-content/uploads/2023/06/imagen_2023-06-16_150039073.png
6105,BAILARINA,33750.00,"<p>Bailarina con motor honda 5.5 hp</p>",,https://cimbrayaccesorios.com.mx/wp-content/uploads/2023/06/imagen_2023-06-16_145251203.png
6101,CHICOTE,3600.00,"<p>Chicote Mpower 4 o 7 metros con cabezal de 38 mm</p>",,https://cimbrayaccesorios.com.mx/wp-content/uploads/2023/06/imagen_2023-06-16_145056190.png
6098,VIBRADOR PARA CONCRETO ELÉCTRICO MAKITA,14900.00,"<p>VIBRADOR PARA CONCRETO ELÉCTRICO MAKITA</p>",,https://cimbrayaccesorios.com.mx/wp-content/uploads/2023/06/PORTADA-DE-VIBRADOR-PARA-CONCRETO-ELECTRICO-MAKITA-DFAC.jpg
6096,VIBRADOR PARA CONCRETO ELÉCTRICO MPOWER DFAC,12500.00,"<p>VIBRADOR PARA CONCRETO ELÉCTRICO MPOWER DFAC</p>",,https://cimbrayaccesorios.com.mx/wp-content/uploads/2023/06/PORTADA-DE-VIBRADOR-PARA-CONCRETO-ELECTRICO-MPOWER.jpg
6092,VIBRADOR PARA CONCRETO A GASOLINA DFAC,8800.00,"<p>VIBRADOR PARA CONCRETO A GASOLINA DFAC 6.5 HP.</p>",,https://cimbrayaccesorios.com.mx/wp-content/uploads/2023/06/PORTADA-DE-VIBRADOR-PARA-CONCRETO-DFAC-.jpg
6089,VIBRADOR PARA CONCRETO A GASOLINA MPOWER,0.00,"<p><span data-sheets-root=""1"">VIBRADOR PARA CONCRETO A GASOLINA MPOWER 5 HP, CON CHICOTE DE 7 MTS.</span></p>",,https://cimbrayaccesorios.com.mx/wp-content/uploads/2023/06/PORTADA-DE-VIBRADOR-PARA-CONCRETO-MPOWER.jpg
6081,REVOLVEDORA DFAC 13 HP,31500.00,"<p>Revolvedora de un saco marca DFAC con motor de 13 hp.</p>",,https://cimbrayaccesorios.com.mx/wp-content/uploads/2023/06/imagen_2023-06-16_143818522.png
6084,REVOLVEDORA DFAC 9 HP,29500.00,"<p>Revolvedora de un saco marca DFAC con motor de 9 hp.</p>",,https://cimbrayaccesorios.com.mx/wp-content/uploads/2023/06/imagen_2023-06-16_143818522.png
6078,REVOLVEDORA MPOWER,29500.00,"<p>Revolvedora de un saco marca MPOWER con motor de 9 hp.</p>",,https://cimbrayaccesorios.com.mx/wp-content/uploads/2023/06/imagen_2023-06-16_143547839.png
6072,MOTOR 15 HP,7900.00,"<p>Motor MPOWER 15 hp.</p>",,https://cimbrayaccesorios.com.mx/wp-content/uploads/2023/06/MOTOR-A-GASOLINA-15HP.jpg
6075,MOTOR 13 HP,7400.00,"<p>Motor MPOWER 13 hp.</p>",,https://cimbrayaccesorios.com.mx/wp-content/uploads/2023/06/MOTOR-A-GASOLINA-13HP.jpg
6069,MOTOR 9 HP,0.00,"<p>Motor MPOWER 9 hp.</p>",,https://cimbrayaccesorios.com.mx/wp-content/uploads/2023/06/MOTOR-A-GASOLINA-9.0-HP.jpg
6068,MOTOR 7 HP,6900.00,"<p>Motor MPOWER 7 hp c/reductor.</p>",,https://cimbrayaccesorios.com.mx/wp-content/uploads/2023/06/MOTOR-A-GASOLINA-7HP-CON-REDUCTOR.jpg
6065,MOTOR 6.5 HP,1890.00,"<p>Motor HUSKY 6.5.</p>",,https://cimbrayaccesorios.com.mx/wp-content/uploads/2023/06/MOTOR-A-GASOLINA-5.5HP.jpg
6062,MOTOR 5.5 H.P,3500.00,"<p>Motor MPOWER 5 hp.</p>",,https://cimbrayaccesorios.com.mx/wp-content/uploads/2023/06/MOTOR-A-GASOLINA-5.5HP-3.jpg
6060,Detergente Acido,450.00,"<p>Cubeta de 19 litros de detergente para limpieza y abrir poro del concreto.</p>",,
6056,Arena silica 30 saco de 50 kg,350.00,"<p>Saco de 50 kg de arena silica 30 de grano solico / calcáreo regulado.</p>",,https://cimbrayaccesorios.com.mx/wp-content/uploads/2023/05/imagen_2023-05-29_093300041.png
6054,Arena silica 20 saco de 50 kg,349.00,"<p>Saco de 50 kg de arena silica 20 de grano solico / calcáreo regulado.</p>",,https://cimbrayaccesorios.com.mx/wp-content/uploads/2023/05/imagen_2023-05-29_093300041.png
6051,Gravilla Cubeta de 20 kg,626.75,"<p>Cubeta de 20 kg de gravilla roja o blanca para acabado para juntas de sistema prefabricado.</p>",,
6048,Sellador Base,1400.00,"<p>Cubeta de 19 litros de sellador de porosidad en muros nuevos y repintados, para obtener un mejor rendimiento en la pintura.</p>",,
6044,Hoja de Celotex,283.50,"<p>Hoja de Celotex de material celulósico impregnado con asfalto para aislar muros colindantes, formar juntas de concreto en pisos y pavimentos, tipo junta pre moldeada.</p>",,https://cimbrayaccesorios.com.mx/wp-content/uploads/2023/05/imagen_2023-05-29_091925026.png
6041,Self Dan,553.50,"<p>Rollo 0.1 X 10 m de banda autoadhesiva para sellar traslapes de láminas, grietas, juntas frías, canalones, domos y los traslapes en el sistema danodren.</p>",,https://cimbrayaccesorios.com.mx/wp-content/uploads/2023/05/imagen_2023-05-29_083453092.png
6038,Fijación,2.03,"<p>Arandelas plásticas para sellar la perforación en aplicaciones de danodren.</p>",,https://cimbrayaccesorios.com.mx/wp-content/uploads/2023/05/imagen_2023-05-29_083249744.png
6036,Cinta Perimetral,1194.75,"<p>25 m de lámina flexible autoadhesiva perimetral para el sistema impactodan.</p>",,https://cimbrayaccesorios.com.mx/wp-content/uploads/2023/05/imagen_2023-05-29_082843920.png
6033,Cinta Solape,438.75,"<p>25 m de cinta flexible autoadhesiva para el traslape del Impactodan.</p>",,https://cimbrayaccesorios.com.mx/wp-content/uploads/2023/05/imagen_2023-05-29_082843920.png
6030,Fonodan BJ,1755.00,"<p>Rollo 10 x .42 m de membrana autoadherible de espuma de alta densidad para aislamiento acústico de tuberías hidráulicas.</p>",,https://cimbrayaccesorios.com.mx/wp-content/uploads/2023/05/imagen_2023-05-29_082612726.png
6027,Impactodan 5 mm,6925.50,"<p>Rollo 50 x 20 m de lámina flexible de polietileno reticulado en celda cerrada que funciona como amortiguador de ruido por impacto en entre losas.</p>",,https://cimbrayaccesorios.com.mx/wp-content/uploads/2023/05/imagen_2023-05-29_082404661.png
6025,Danodren H-15 Plus,5062.50,"<p>Rollo 2.1 x 15 m de lámina nodular drenante de polietileno de alta densidad con geotextil termo adherido para protección de jardines, muros y cimentaciones.</p>",,https://cimbrayaccesorios.com.mx/wp-content/uploads/2023/05/imagen_2023-05-29_081551901.png
6021,Danodren H-15,6378.75,"<p>Rollo 2.1 x 28 m de lámina nodular drenante de polietileno de alta densidad para protección de muros y cimentaciones.</p>",,https://cimbrayaccesorios.com.mx/wp-content/uploads/2023/05/imagen_2023-05-29_081551901.png
6018,Primario WS,513.00,"<p>Galón de 4 litros de primario asfáltico para óptima adherencia de Conseal CS-231.</p>",,https://cimbrayaccesorios.com.mx/wp-content/uploads/2023/05/GALON-4LTS-PRODUCTOS-QUIMICOS-1-IMAGEN.jpg
6015,Conseal CS-231,4455.00,"<p>Caja con 30 m de tira selladora hidro expansiva para juntas frías de concreto.</p>",,https://cimbrayaccesorios.com.mx/wp-content/uploads/2023/05/CONSEAL-2.jpg
6005,Escalerilla para Muro,1300.00,"<p>Refuerzo Horizontal para muro.</p>",,https://cimbrayaccesorios.com.mx/wp-content/uploads/2023/05/imagen_2023-05-29_072919483.png
6003,Tuerca Mariposa con Base,936.00,"<p>Pieza metálica de acero forjado, utilizada para el correcto aseguramiento de la barra roscada.</p>",,https://cimbrayaccesorios.com.mx/wp-content/uploads/2023/05/TUERCA-MARIPOSA-3-IMAGEN-1.jpg
5945,ESPUMA DE POLIURETANO,243.00,"<p>De un solo componente, expansiva. Usada para sellar y rellenar juntas, huecos en paredes y montajes de sistemas de climatización, etc.</p>",,https://cimbrayaccesorios.com.mx/wp-content/uploads/2023/05/imagen_2023-05-02_091202858.png
5942,HULE SILICÓN TRANSPARENTE / BLANCO,81.00,"<p>Sellador elástico de uso múltiple.</p>",,https://cimbrayaccesorios.com.mx/wp-content/uploads/2023/05/imagen_2023-05-02_090853586.png
5939,POLIBAU “SL” GRIS,229.50,"<p>Sellador elástico autonivelante mono componente de poliuretano para juntas horizontales.</p>",,https://cimbrayaccesorios.com.mx/wp-content/uploads/2023/05/CUBETA-19LTS-PRODUCTOS-QUIMICOS-1-IMAGEN.jpg
5934,"POLIBAU GRIS, BLANCO, NEGRO",155.25,"<p>Sellador de poliuretano mono componente para juntas horizontales y verticales.</p>",,https://cimbrayaccesorios.com.mx/wp-content/uploads/2023/05/imagen_2023-05-02_090214099.png
5932,PISTOLA CALAFATEADORA ABIERTA PARA EPOXIBAU,1188.00,"<p>Abierta para cartucho EPOXIBAU FAST.</p>",,https://cimbrayaccesorios.com.mx/wp-content/uploads/2023/05/imagen_2023-05-02_085130882.png
5929,PISTOLA CALAFATEADORA CERRADA PARA SALCHICA,830.25,"<p>Pistola para aplicar selladores envasados en salchicha.</p>",,https://cimbrayaccesorios.com.mx/wp-content/uploads/2023/05/imagen_2023-05-02_085358329.png
5926,ISTOLA CALAFATEADORA ABIERTA PARA CARTUCHO,121.50,"<p>Pistola para aplicar selladores envasados en cartucho.</p>",,https://cimbrayaccesorios.com.mx/wp-content/uploads/2023/05/imagen_2023-05-02_085130882.png
5924,BAUCRIL BLANCO,51.30,"<p>Sellador acrílico para juntas con movimiento moderado entre aluminio y muro con cualquier acabado como cancelería, puertas y ventanas.</p>",,
5920,BAUTECH SILICÓN “S”,2200.00,"<p>Solución incolora de silicona, base solvente, repelente al agua en muros de tabique, cantera, sillar y concreto.</p>",,https://cimbrayaccesorios.com.mx/wp-content/uploads/2023/05/CUBETA-19LTS-PRODUCTOS-QUIMICOS-1-IMAGEN.jpg
5916,BAUTECH SILICÓN “A”,900.00,"<p>Solución acuosa e incolora de silicona, repelente al agua en muros de tabique, cantera, sillar y concreto.</p>",,https://cimbrayaccesorios.com.mx/wp-content/uploads/2023/05/CUBETA-19LTS-PRODUCTOS-QUIMICOS-1-IMAGEN.jpg
5913,RELLENO EPOXIBAU,560.00,"<p>Grout epóxico tri componente para recibir maquinaria, columnas y anclas.</p>",,https://cimbrayaccesorios.com.mx/wp-content/uploads/2023/05/GALON-4LTS-PRODUCTOS-QUIMICOS-IMAGEN.jpg
5910,EPOXIBAU FAST,1080.00,"<p>Adhesivo epóxico de alta resistencia para anclaje de varillas, pernos y tornillos.</p>",,https://cimbrayaccesorios.com.mx/wp-content/uploads/2023/05/imagen_2023-05-02_012449670.png
5906,EPOXIBAU,570.00,"<p>Adhesivo epóxico bi componente para adherir concreto estructural o concreto fresco a concreto endurecido.</p>",,https://cimbrayaccesorios.com.mx/wp-content/uploads/2023/05/GALON-4LTS-PRODUCTOS-QUIMICOS-1-IMAGEN.jpg
5902,CIMBRABAU,1350.00,"<p>Barniz epóxico bi componente para protección de cimbras de madera.</p>",,https://cimbrayaccesorios.com.mx/wp-content/uploads/2023/05/CUBETA-19LTS-PRODUCTOS-QUIMICOS-1-IMAGEN.jpg
5863,BACKER ROD,1120.50,"<p>Cordón de espuma de polietileno de baja densidad para todo tipo de juntas constructivas como dilatación y contracción.</p>",,https://cimbrayaccesorios.com.mx/wp-content/uploads/2023/05/imagen_2023-05-02_010646137.png
5857,FOAMTECH 1/2",781.65,"<p>Relleno para juntas de expansión, permite la sustitución de las juntas tradicionales impregnadas con asfalto.</p>",,https://cimbrayaccesorios.com.mx/wp-content/uploads/2023/05/FOAMTECH2-12X10X30.jpg
5851,FOAMTECH 1/4",271.35,"<p>Relleno para juntas de expansión, permite la sustitución de las juntas tradicionales impregnadas con asfalto.</p>",,https://cimbrayaccesorios.com.mx/wp-content/uploads/2023/05/imagen_2023-05-02_004550340.png
5849,LAMINA DE POLIETILENO CAL 600,9.50,"<p>Película plástica negra o transparente utilizada para proteger concreto recién colado de la lluvia y para aislar terracerías de las losas de concreto.</p>",,https://cimbrayaccesorios.com.mx/wp-content/uploads/2023/05/imagen_2023-05-01_233338818.png
5846,LAMINA DE POLIETILENO CAL 300,9.50,"<p>Película plástica negra o transparente utilizada para proteger concreto recién colado de la lluvia y para aislar terracerías de las losas de concreto.</p>",,https://cimbrayaccesorios.com.mx/wp-content/uploads/2023/05/imagen_2023-05-01_233338818.png
5843,NON WOVEN,1255.50,"<p>Membrana de refuerzo multidireccional para sistemas impermeables aplicados en frío, base solvente, base agua o sistemas acrílicos.</p>",,https://cimbrayaccesorios.com.mx/wp-content/uploads/2023/05/imagen_2023-05-01_232856737.png
5839,MALLAFLEX,573.75,"<p>Membrana de refuerzo de poliéster para sistemas impermeables aplicados en frío, base solvente, base agua o sistemas acrílicos.</p>",,https://cimbrayaccesorios.com.mx/wp-content/uploads/2023/04/imagen_2023-04-20_120646365.png
5829,GEOTEXTIL,7627.50,"<p>Membrana no tejida punzonada de compuestos de fibras cortas de poliéster para protección de rellenos sanitarios y terracerías.</p>",,https://cimbrayaccesorios.com.mx/wp-content/uploads/2023/04/imagen_2023-04-20_120154326.png
5826,PRIMARIO ACRILBAU,648.00,"<p>Primario acrílico para potenciar la adherencia de impermeabilizantes acrílicos.</p>",,https://cimbrayaccesorios.com.mx/wp-content/uploads/2023/05/CUBETA-19LTS-PRODUCTOS-QUIMICOS-1-IMAGEN.jpg
5822,CEMENCRIL,324.00,"<p>Cemento acrílico para sellar grietas en las losas antes de aplicar el sistema ACRILBAU.</p>",,https://cimbrayaccesorios.com.mx/wp-content/uploads/2023/05/CUBETA-19LTS-PRODUCTOS-QUIMICOS-1-IMAGEN.jpg
5812,ACRILBAU,256.50,"<p>Impermeabilizante acrílico elastomérico para losas de concreto a la intemperie en superficies horizontales y verticales.</p>",,https://cimbrayaccesorios.com.mx/wp-content/uploads/2023/05/CUBETA-19LTS-PRODUCTOS-QUIMICOS-1-IMAGEN.jpg
5810,AISLABAU,1309.50,"<p>Impermeabilizante acrílico y aislante térmico para zonas cálidas.</p>",,https://cimbrayaccesorios.com.mx/wp-content/uploads/2023/05/CUBETA-19LTS-PRODUCTOS-QUIMICOS-1-IMAGEN.jpg
5805,VAPORBAU,300.00,"<p>Impermeabilizante asfáltico base solvente para charolas de baños, jardineras, cuartos de refrigeración y superficies bajo teja u otro recubrimiento.</p>",,https://cimbrayaccesorios.com.mx/wp-content/uploads/2023/05/CUBETA-19LTS-PRODUCTOS-QUIMICOS-1-IMAGEN.jpg
5800,PRIMARIO BITUBAU,250.00,"<p>Primario asfáltico base agua para potenciar la adherencia de impermeabilizantes base agua, base solvente y prefabricados (BAUTECH ROOF).</p>",,https://cimbrayaccesorios.com.mx/wp-content/uploads/2023/05/CUBETA-19LTS-PRODUCTOS-QUIMICOS-1-IMAGEN.jpg
5796,HIDROBAU,1350.00,"<p>Primario asfáltico base solvente para potenciar la adherencia de impermeabilizantes base solvente y prefabricados (BAUTECH ROOF).</p>",,https://cimbrayaccesorios.com.mx/wp-content/uploads/2023/05/CUBETA-19LTS-PRODUCTOS-QUIMICOS-1-IMAGEN.jpg
5791,BITUCEMENT,290.00,"<p>Sellador asfáltico base solvente para sellado de grietas, calafateo de juntas y canalones.</p>",,https://cimbrayaccesorios.com.mx/wp-content/uploads/2023/05/CUBETA-19LTS-PRODUCTOS-QUIMICOS-1-IMAGEN.jpg
5786,BITUBAU,180.00,"<p>Impermeabilizante asfáltico base agua para impermeabilizar techos, muros y cadenas de desplante.</p>",,https://cimbrayaccesorios.com.mx/wp-content/uploads/2023/05/CUBETA-19LTS-PRODUCTOS-QUIMICOS-1-IMAGEN.jpg
5784,ENDUBAU “S” MINERAL “LPU”,500.00,"<p>Endurecedor mineral para superficies de concreto con tránsito liviano o moderado.</p>",,
5781,ENDUBAU “S” MINERAL,440.00,"<p>Endurecedor mineral para superficies de concreto con tránsito liviano o moderado.</p>",,https://cimbrayaccesorios.com.mx/wp-content/uploads/2023/04/imagen_2023-04-20_010016548.png
5777,EXPANBAU “NM”,135.00,"<p>Estabilizador de volumen, grout no metálico, empleado como relleno de expansión controlada y de alta adherencia en la colocación de anclajes de maquinaria y estructuras metálicas.</p>",,https://cimbrayaccesorios.com.mx/wp-content/uploads/2023/04/imagen_2023-04-20_005620056.png
5774,GROUTECH “AF”,420.00,"<p>Estabilizador de volumen, grout no metálico de alta fluidez, empleado como relleno de expansión controlada y de alta adherencia en la colocación de anclajes de maquinaria y estructuras metálicas.</p>",,https://cimbrayaccesorios.com.mx/wp-content/uploads/2023/04/imagen_2023-04-20_005126943.png
5771,GROUTECH “AR”,500.00,"<p>Estabilizador de volumen, grout no metálico de alta resistencia, empleado como relleno de expansión controlada y de alta adherencia, utilizado en la colocación de anclajes de maquinaria y estructuras metálicas.</p>",,https://cimbrayaccesorios.com.mx/wp-content/uploads/2023/04/imagen_2023-04-20_004948041.png
5767,MOLDUBAU «E-BB»,750.00,"<p>Desmoldante emulsionado de alto desempeño principalmente diseñado para romper la adherencia en piezas de concreto coladas sobre concreto y utilizado en cimbras de madera, plásticas y aluminio.</p>",,https://cimbrayaccesorios.com.mx/wp-content/uploads/2023/05/CUBETA-19LTS-PRODUCTOS-QUIMICOS-1-IMAGEN.jpg
5761,MOLDUBAU «E»,550.00,"<p>Desmoldante emulsionado utilizado principalmente en cimbras metálicas o plásticas y aluminio.</p>",,https://cimbrayaccesorios.com.mx/wp-content/uploads/2023/05/CUBETA-19LTS-PRODUCTOS-QUIMICOS-1-IMAGEN.jpg
5752,MOLDUBAU «LKS»,21900.00,"<p>Desmoldante base keroseno utilizado principalmente en casetones de fibra de vidrio o cimbras metálicas, de madera, aluminio y plásticas.</p>",,
5728,MOLDUBAU “LC”,1600.00,"<p>Desmoldante líquido a base de hidrocarburos de mayor rendimiento utilizado.</p>",,https://cimbrayaccesorios.com.mx/wp-content/uploads/2023/05/CUBETA-19LTS-PRODUCTOS-QUIMICOS-1-IMAGEN.jpg
5715,CURAFILM,3747.00,"<p>Membrana protectora de humedad, reduce la evaporación de agua en concreto fresco expuesto a temperaturas altas o viento.</p>",,https://cimbrayaccesorios.com.mx/wp-content/uploads/2023/04/membranasCurado-curafilm.jpg
5711,CURABAU QL,610.00,"<p>Membrana de curado base agua libre de grasas, utilizado en todo tipo de superficies de concreto, reduce la pérdida de agua por evaporación.</p>",,https://cimbrayaccesorios.com.mx/wp-content/uploads/2023/04/membranasCurado-curabau-ql.jpg
5707,CURABAU E,610.00,"<p>Membrana de curado base agua utilizada en todo tipo de superficies de concreto como carreteras, túneles, muros y losas. Reduce la pérdida de agua por evaporación.</p>",,https://cimbrayaccesorios.com.mx/wp-content/uploads/2023/05/CUBETA-19LTS-PRODUCTOS-QUIMICOS-1-IMAGEN.jpg
5703,MICROFIBERBAU,95.00,"<p>Fibra sintética fina, utilizada para reducir los agrietamientos por contracción plástica y mejora la resistencia al impacto.</p>",,https://cimbrayaccesorios.com.mx/wp-content/uploads/2023/04/impermeabilizantesFibras-microfiberbau.jpg
5677,IMPERTEX “R”,520.00,"<p>Impermeabilizante cementoso, utilizado en estructuras con presiones hidráulicas positivas o negativas, forma parte del sistema con el Impertex PH.</p>",,https://cimbrayaccesorios.com.mx/wp-content/uploads/2023/04/impermeabilizantesFibras-impertex-r.jpg
5674,IMPERTEX “PH”,600.00,"<p>Impermeabilizante cementoso para concreto y mortero, utilizado en estructuras con altas presiones hidráulicas positivas o negativas.</p>",,https://cimbrayaccesorios.com.mx/wp-content/uploads/2023/04/impermeabilizantesFibras-impertex-ph.jpg
5671,IMPERBAU “P”,120.00,"<p>Aditivo impermeabilizante integral en polvo para concreto y mortero, utilizado en estructuras en contacto con presión hidrostática.</p>",,https://cimbrayaccesorios.com.mx/wp-content/uploads/2023/04/impermeabilizantesFibras-imperbau-p.jpg
5668,FIBERBAU,142.00,"<p>Fibra sintética, utilizada para reducir los agrietamientos por contracción plástica y mejora la resistencia al impacto.</p>",,https://cimbrayaccesorios.com.mx/wp-content/uploads/2023/04/impermeabilizantesFibras-fiberbau.jpg
5658,BAUPLUG,250.00,"<p>Aditivo de fraguado instantáneo, utilizado para obturar áreas con filtraciones de agua como cisternas, cimentaciones, albercas, muros, losas y tanques.</p>",,https://cimbrayaccesorios.com.mx/wp-content/uploads/2023/05/CUBETA-19LTS-PRODUCTOS-QUIMICOS-1-IMAGEN.jpg
5653,DISPERBAU “M»,4150.00,"<p>Aditivo reductor de agua de medio rango en la preparación de concreto pre-mezclado, para diferentes climas.</p>",,
5650,SELLABAU “L”,530.00,"<p>Aditivo de fraguado instantáneo, utilizado para obturar áreas con filtraciones de agua como cisternas, cimentaciones, albercas, muros, losas y tanques.</p>",,https://cimbrayaccesorios.com.mx/wp-content/uploads/2023/05/CUBETA-19LTS-PRODUCTOS-QUIMICOS-COTA.jpg
5647,LANZABAU “L”,585.00,"<p>Aditivo acelerante de fraguado para concreto lanzado por vía húmeda, usado en revestimiento de túneles, taludes, bóvedas, cámaras bajo tierra, etc.</p>",,https://cimbrayaccesorios.com.mx/wp-content/uploads/2023/05/CUBETA-19LTS-PRODUCTOS-QUIMICOS-1-IMAGEN.jpg
5644,DISPERBAU “1322-M”,750.00,"<p>Aditivo reductor de agua de medio rango en la preparación de concreto pre-mezclado.</p>",,https://cimbrayaccesorios.com.mx/wp-content/uploads/2023/05/CUBETA-19LTS-PRODUCTOS-QUIMICOS-1-IMAGEN.jpg
5641,DISPERBAU “RL”,550.00,"<p>Aditivo retardante de fraguado del concreto.</p>",,https://cimbrayaccesorios.com.mx/wp-content/uploads/2023/05/CUBETA-19LTS-PRODUCTOS-QUIMICOS-1-IMAGEN.jpg
5637,DISPERBAU “NL”,480.00,"<p>Aditivo reductor de agua y fluidizante para la fabricación de concreto, reduce cemento o aumenta el revenimiento.</p>",,https://cimbrayaccesorios.com.mx/wp-content/uploads/2023/05/CUBETA-19LTS-PRODUCTOS-QUIMICOS-1-IMAGEN.jpg
5632,DISPERBAU “AL”,150.00,"<p>Aditivo acelerante de fraguado y resistencias tempranas de concreto.</p>",,https://cimbrayaccesorios.com.mx/wp-content/uploads/2023/05/CUBETA-19LTS-PRODUCTOS-QUIMICOS-1-IMAGEN.jpg
5629,BAUBLOCK,640.00,"<p>Aditivo para la fabricación de elementos vibro comprimidos como: block, bovedilla, adocreto y prefabricados cementosos de baja granulometria.</p>",,https://cimbrayaccesorios.com.mx/wp-content/uploads/2023/05/CUBETA-19LTS-PRODUCTOS-QUIMICOS-1-IMAGEN.jpg
5615,ADHEBAU «E»,1200.00,"<p>Adhesivo para concreto, mortero, yeso, lechadas, pastas, pinturas y tiroles.</p>",,https://cimbrayaccesorios.com.mx/wp-content/uploads/2023/05/CUBETA-19LTS-PRODUCTOS-QUIMICOS-1-IMAGEN.jpg
5609,ADHEBAU,100.00,"<p>Adhesivo de alto desempeño para concreto, mortero, yeso, lechadas, pastas, pinturas y tiroles.</p>",,https://cimbrayaccesorios.com.mx/wp-content/uploads/2023/05/CUBETA-19LTS-PRODUCTOS-QUIMICOS-1-IMAGEN.jpg
5590,Capuchón de seguridad,3156.00,"<p>Capuchón para varilla. Implemento de seguridad contra accidentes para varilla de 3/8&#8243; a 1&#8243; ,3/8&#8243; a 3/4&#8243; y 1&#8243; a 1 1/2&#8243;</p>",,https://cimbrayaccesorios.com.mx/wp-content/uploads/2023/04/RD150-IMAGEN-1.jpg
5575,Banda de PVC negra ojillada,2200.00,"<p>Sello retenedor de agua con ojillos, negro de 25 ml, elaborado a base de cloruro de polivinilo en forma de cinta, con bulbo central y laterales estriados.</p>",,https://cimbrayaccesorios.com.mx/wp-content/uploads/2023/04/BOJN4-3.jpg
5560,Tubo cimbra 3 mts redondo,140.00,"<p>Tubo cimbra de construcción, fabricado en carton de un solo uso de 3 metros de altura.</p>",,https://cimbrayaccesorios.com.mx/wp-content/uploads/2023/04/Tubo-cimbra3-mts-redondo-DFAC.jpg
5551,Clip pinza mortero,600.00,"<p>Silleta fabricada en concreto en su parte inferior y con un cliptipo pinza hecho de polipropileno en su parte superior. para malla desde 3 mm hasta 1/4&#8243;, para recubrimiento de concreto, ideal para losas, zapatas, cimentaciones, entrepisos, trabes, para una carga maxima de 300 kg.</p>",,https://cimbrayaccesorios.com.mx/wp-content/uploads/2023/04/SILLETA-CLIP-MORTERO2-2cm.jpg
5543,Silleta mortero,600.00,"<p>Silleta fabricada en concreto en su parte inferior y con un clip hecho de polipropileno en su parte superior. para malla desde 3 mm hasta 1/4&#8243;, para recubrimiento de concreto, ideal para losas, zapatas, cimentaciones, entrepisos, trabes, para una carga maxima de 300 kg.</p>",,https://cimbrayaccesorios.com.mx/wp-content/uploads/2023/04/SILLETA-MORTERO-2-4cm.jpg
5535,Silletas de mortero,500.00,"<p>Silleta completamente hecha de mortero. para varilla de hasta 1&#8243; , para recubrimiento de concreto, ideal para losas, zapatas, cimentaciones, entrepisos, trabes, para una carga maxima de 300 kg.</p>",,https://cimbrayaccesorios.com.mx/wp-content/uploads/2023/04/SILLETA-MORTERO2-5cm.jpg
5532,Cono para cimbra,2567.00,"<p>Funciona como tapon y alineador , en conjunto con un corte de tubo aloja y alinea los tensores de la cimbra, evitando derrames de concreto.</p>",,https://cimbrayaccesorios.com.mx/wp-content/uploads/2023/04/C0020-2-IMAGEN-1.jpg
5528,Disco para pila,1012.00,"<p>Separador lateral utilizado en pilas pesadas de grandes dimensiones y en muros de milán o de contención, para recubrimiento de concreto y calibre de acero de hasta 5/8&#8243;.</p>",,https://cimbrayaccesorios.com.mx/wp-content/uploads/2023/04/DP200-IMAGEN1-1.jpg
5525,Cruceta doble armado muro,1809.00,"<p>Separador lateral para muros de concreto de 10 cm con doble malla, para recubrimiento de concreto de 2.5 cm a cada lado de la malla, para una carga maxima de 150 kg.</p>",,https://cimbrayaccesorios.com.mx/wp-content/uploads/2023/04/cruceta-doble-armado-murao-DFAC.jpg
5514,Disco separador,1129.00,"<p>Disco para separar lateralmente el acero de refuerzo, para recubrimiento de concreto, ideal para acabados aparentes, para una carga maxima de 100 kg.</p>",,https://cimbrayaccesorios.com.mx/wp-content/uploads/2023/04/DS200-IMAGEN-1.jpg
5511,Silleta F,2151.00,"<p>Silleta multifuncional para varilla de hasta 3/4&#8243;, para recubrimiento de concreto de 2 y 2.5 cm, para todo tipo de losas, trabes, contratrabes, prefabricados, tilt-ups y post-tensados, para una carga maxima de 250 kg.</p>",,https://cimbrayaccesorios.com.mx/wp-content/uploads/2023/04/SF100-IMAGEN-1.jpg
5507,Silleta flexible para malla,627.00,"<p>Silleta para malla de 4 a 10, para recubrimiento de concreto, para utilizarse sobre casetones de poliestireno, para una carga maxima de 300 kg.</p>",,https://cimbrayaccesorios.com.mx/wp-content/uploads/2023/04/SFM060-IMAGEN-1.jpg
5503,Cilindro para malla,981.00,"<p>Separador para malla de 4 a 10, para recubrimiento de concreto para utilizarse sobre superficies suaves o poco compactadas, para una carga maxima de 250 kg.</p>",,https://cimbrayaccesorios.com.mx/wp-content/uploads/2023/04/CM060-IMAGEN-1.jpg
5497,Silleta de entrepiso para malla,868.00,"<p>Silleta para malla de 1 a 10, para recubrimiento de concreto, diseñado para losas de entrepiso y azotea, para una carga maxima de 150 kg.</p>",,https://cimbrayaccesorios.com.mx/wp-content/uploads/2023/04/SME250-IMAGEN-1.jpg
5486,Silleta para malla,634.59,"<p>Silleta para malla de 1 a 10, para recubrimiento de concreto, ideal para losas de cimentación, para una carga máxima de 250 kg.</p>",,https://cimbrayaccesorios.com.mx/wp-content/uploads/2023/04/SM100-IMAGEN-1.jpg
5473,Silleta de entrepiso,1351.00,"<p>Silleta para malla o varilla de hasta 1/2&#8243;, para recubrimiento de concreto, ideal para acabados aparentes, para una carga maxima de 250 kg.</p>",,https://cimbrayaccesorios.com.mx/wp-content/uploads/2023/04/SE250-IMAGEN-1.jpg
5453,Silleta piramidal,1315.00,"<p>Silleta para malla o varilla de hasta 1/2&#8243;, para recubrimiento de concreto con amplia base que le proporciona gran estabilidad, para una carga maxima de 250 kg.</p>",,https://cimbrayaccesorios.com.mx/wp-content/uploads/2023/04/SP450-1.jpg
5434,Silleta utilitaria uso pesado,1028.00,"<p>Silleta para varilla de hasta 1 1/2&#8243;, para recubrimiento de concreto para pisos, caminos y todo tipo de losas de concreto, para una carga maxima de 450 kg.</p>",,https://cimbrayaccesorios.com.mx/wp-content/uploads/2023/04/HD500-IMAGEN-1.jpg
5426,Silleta H de 4 puntos,1281.00,"<p><span data-sheets-value=""{&quot;1&quot;:2,&quot;2&quot;:&quot;Silleta para varilla de hasta 1 1/2\&quot;, para recubrimiento de concreto de 4 cm, especial para prefabricados, todo tipo de losas, trabes, contratrabes, tilt-ups y post-tensados, para una carga maxima de 275 kg.&quot;}"" data-sheets-userformat=""{&quot;2&quot;:14593,&quot;3&quot;:{&quot;1&quot;:0,&quot;3&quot;:1},&quot;11&quot;:4,&quot;14&quot;:{&quot;1&quot;:3,&quot;3&quot;:1},&quot;15&quot;:&quot;Calibri&quot;,&quot;16&quot;:11}"">Silleta para varilla de hasta 1 1/2&#8243;, para recubrimiento de concreto de 4 cm, especial para prefabricados, todo tipo de losas, trabes, contratrabes, tilt-ups y post-tensados, para una carga maxima de 275 kg.</span></p>",,https://cimbrayaccesorios.com.mx/wp-content/uploads/2023/04/SH200-4-IMAGEN-1.jpg
5412,SILLETA H,911.00,"<p>Silleta para varilla desde 1 1/2&#8243; hasta 11 1/2&#8243;, para recubrimiento de concreto, para todo tipo de losas, trabes, contratrabes, prefabricados, tilt-ups y post-tensados, para una carga maxima de 450 kg.</p>",,https://cimbrayaccesorios.com.mx/wp-content/uploads/2023/04/SH600-IMAGEN-1.jpg
5409,Cuña de acero,578.00,"<p>Cuña metálica para cimbra, elavorada con acero de alta resistencia, con capacidad de acuñe de 25mm y capacidad de carga de 1350 kg.</p>",,https://cimbrayaccesorios.com.mx/wp-content/uploads/2023/03/CA01-IMAGEN-1.jpg
5367,Tirante tipo moño con rondana,581.00,"<p>Moño para cimbra con rondana de neopreno, elaborado con acero de alto carbón de 5.8 mm de diámetro, con capacidad de carga de 1,350 kg y resistencia máxima de 2,200 kg. COSTO POR ATADO.</p>",,https://cimbrayaccesorios.com.mx/wp-content/uploads/2023/12/MONO-DE-20CM-CON-NEOPRENO.png
5325,Tirante tipo moño,531.00,"<p>Moño para cimbra, elaborado con acero de alto carbón de 5.8 mm de diámetro, con capacidad de carga de 1,350 kg y resistencia máxima de 2,200 kg. COSTO POR ATADO.</p>",,https://cimbrayaccesorios.com.mx/wp-content/uploads/2023/12/WhatsApp-Image-2023-12-29-at-11.23.16-AM-2.jpeg
